{"cameraMode":{"drawMode":0,"name":"Shaded","section":"Shading Mode"},"sceneLighting":false,"audioPlay":false,"sceneViewState":{"m_AlwaysRefresh":false,"showFog":true,"showSkybox":false,"showFlares":true,"showImageEffects":true,"showParticleSystems":true,"showVisualEffectGraphs":true,"m_FxEnabled":true},"in2DMode":false,"pivot":{"x":-0.05476953834295273,"y":-0.035087212920188907,"z":-0.14052648842334748},"rotation":{"x":-0.16683512926101685,"y":0.7742519974708557,"z":-0.22809813916683198,"w":-0.5662988424301148},"size":0.11283323168754578,"orthographic":true}