{"count":1,"self":22057.0042368,"total":53543.9985358,"children":{"AgentSendState":{"count":24669002,"self":355.152384,"total":3384.035748,"children":{"CollectObservations":{"count":74007015,"self":176.81368319999999,"total":176.8136802,"children":null},"CollectDiscreteActionMasks":{"count":74007015,"self":36.490176,"total":36.490175799999996,"children":null},"AgentInfo.ToProto":{"count":74007015,"self":126.3187712,"total":2815.5795098,"children":{"GenerateSensorData":{"count":74007015,"self":557.7087488,"total":2689.2607378,"children":{"RayPerceptionSensor.Perceive":{"count":222021045,"self":2131.5520512,"total":2131.5520116,"children":null}}}}}}},"DecideAction":{"count":24669002,"self":27448.40192,"total":27448.4022662,"children":null},"AgentAct":{"count":24669002,"self":651.71287039999993,"total":654.5545202,"children":{"AgentInfo.ToProto":{"count":73995,"self":0.14205769999999998,"total":2.8416485,"children":{"GenerateSensorData":{"count":73995,"self":0.5864979,"total":2.6995907999999997,"children":{"RayPerceptionSensor.Perceive":{"count":221985,"self":2.1130928,"total":2.1130929,"children":null}}}}}}}},"gauges":{"Airplane.CumulativeReward":{"count":73995,"max":32.7529,"min":-11.1999941,"runningAverage":11.5241966,"value":10.8327951,"weightedAverage":14.9810915}},"metadata":{"timer_format_version":"0.1.0","start_time_seconds":"1674412017","unity_version":"2020.3.25f1","command_line_arguments":"C:\\Program Files\\Unity\\Hub\\Editor\\2020.3.25f1\\Editor\\Unity.exe -projectpath C:\\Users\\kiril\\UnityProjects\\RacingProject -useHub -hubIPC -cloudEnvironment production -licensingIpc LicenseClient-kiril -hubSessionId a4e1ba90-9a63-11ed-9db9-7fe4440e640a -accessToken 2mB3Q8dnCupktzC3OpemUsmPYgKZkcwKUcmnSYvVDjQ009f","communication_protocol_version":"1.0.0","com.unity.ml-agents_version":"1.0.8","scene_name":"Training","end_time_seconds":"1674465561"}}