{"cameraMode":{"drawMode":0,"name":"Shaded","section":"Shading Mode"},"sceneLighting":false,"audioPlay":false,"sceneViewState":{"m_AlwaysRefresh":false,"showFog":true,"showSkybox":false,"showFlares":true,"showImageEffects":true,"showParticleSystems":true,"showVisualEffectGraphs":true,"m_FxEnabled":true},"in2DMode":false,"pivot":{"x":0.015832483768463136,"y":-0.07928967475891113,"z":-0.014923691749572754},"rotation":{"x":-0.0977746993303299,"y":0.900461733341217,"z":-0.2685227692127228,"w":-0.32787710428237917},"size":0.20142513513565064,"orthographic":false}